method,mean_AP,std_AP,median_AP,mean_ROC_AUC,std_ROC_AUC,mean_F1_at_calibration_threshold,std_F1_at_calibration_threshold,n_datasets,n_seeds,n_rows
ADAMM_ONLY,0.8383313643738152,0.08858912516289782,0.8544440088914124,0.8787962887003063,0.07749847603471019,0.8103744353823285,0.0869758636693713,15,3,45
GAMA_ONLY,0.9819154649633267,0.025631151514743995,0.9939988703218596,0.9910145967996875,0.02018670510911516,0.9472336942667269,0.043620504811728016,15,3,45
HYBRID_ALPHA_025,0.9847862742366982,0.020717724649126974,0.9954126559692712,0.9935328991274524,0.014154499773363227,0.9517971378207215,0.04933975298681398,15,3,45
HYBRID_MEAN,0.9722038633521838,0.03184078980731107,0.9899902352534836,0.9913073424859185,0.01526699879907653,0.9332426112703471,0.06316053467374262,15,3,45
HYBRID_MAX,0.9802659492062682,0.02354141526284896,0.9943217620438792,0.9940548268887927,0.011463545550419002,0.9527573758236035,0.050504171996693034,15,3,45
HYBRID_RRF,0.9619618124484636,0.04203747337004799,0.9844457120421124,0.9852864482714598,0.02181746586503484,0.905839064578162,0.06579660339075509,15,3,45
HYBRID_FUNCTIONAL,0.9893487560393762,0.013484679652644993,0.9968217099149908,0.9958730857279753,0.009829833015525,0.9610112436358961,0.025267611324510456,15,3,45
