method,mean_AP,std_AP,mean_ROC_AUC,std_ROC_AUC,mean_F1_at_calibration_threshold,std_F1_at_calibration_threshold,n_datasets,n_rows
ADAMM_ONLY,0.838109988472532,0.05697122996818786,0.882257208358953,0.044632761568801305,0.8027852569535537,0.05951403279107542,15,15
GAMA_ONLY,0.9457809938667968,0.050519111744314726,0.9742937093768697,0.03358861970606369,0.8952425401416975,0.08746655365676731,15,15
HIER_FAMILY_CONTAMINATION_LOGREG,0.9768527789575098,0.02623459638550805,0.9872680517660746,0.020369152521721934,0.9308082029234118,0.047516343859916786,15,15
HYBRID_ALPHA_025,0.968010522050062,0.03285511178805667,0.9847021227040678,0.024863169919779833,0.9205160728581094,0.057776519530956,15,15
HYBRID_FUNCTIONAL,0.9690213455243156,0.026351124240042656,0.9867516087451655,0.019757011355078652,0.8991709214474418,0.05622070328309733,15,15
HYBRID_MAX,0.9687126590854447,0.030635753275814345,0.9854908676242584,0.02194056743899861,0.9161281163149688,0.0554463042941675,15,15
HYBRID_MEAN,0.9447730652289186,0.0370631887299296,0.9804694358796326,0.02296295413504306,0.8701672691131535,0.058648308330851905,15,15
HYBRID_RRF,0.9602165702016509,0.03524970422108989,0.9802076854423831,0.027419452702436363,0.9054630315523322,0.04921826949939593,15,15
